<?xml version="1.0"?>
<rdf:RDF
    xmlns:xsp="http://www.owl-ontologies.com/2005/08/07/xsp.owl#"
    xmlns:j.0="http://protege.stanford.edu/plugins/owl/protege#"
    xmlns:rdf="http://www.w3.org/1999/02/22-rdf-syntax-ns#"
    xmlns:rdfs="http://www.w3.org/2000/01/rdf-schema#"
    xmlns:owl="http://www.w3.org/2002/07/owl#"
    xmlns="http://www.owl-ontologies.com/unnamed.owl#"
  xml:base="http://www.owl-ontologies.com/unnamed.owl">
  <owl:Ontology rdf:about="">
    <owl:imports rdf:resource="http://protege.stanford.edu/plugins/owl/protege"/>
  </owl:Ontology>
  <owl:Class rdf:ID="Son">
    <rdfs:subClassOf>
      <owl:Class rdf:ID="Child"/>
    </rdfs:subClassOf>
    <owl:equivalentClass>
      <owl:Restriction>
        <owl:minCardinality rdf:datatype="http://www.w3.org/2001/XMLSchema#int"
        >1</owl:minCardinality>
        <owl:onProperty>
          <owl:ObjectProperty rdf:ID="isSonOf"/>
        </owl:onProperty>
      </owl:Restriction>
    </owl:equivalentClass>
    <owl:disjointWith>
      <owl:Class rdf:ID="Daughter"/>
    </owl:disjointWith>
  </owl:Class>
  <owl:Class rdf:ID="Person"/>
  <owl:Class rdf:ID="Uncle">
    <owl:equivalentClass>
      <owl:Restriction>
        <owl:onProperty>
          <owl:ObjectProperty rdf:ID="isBrotherOf"/>
        </owl:onProperty>
        <owl:someValuesFrom>
          <owl:Class rdf:ID="Parent"/>
        </owl:someValuesFrom>
      </owl:Restriction>
    </owl:equivalentClass>
    <rdfs:subClassOf>
      <owl:Class rdf:ID="Male"/>
    </rdfs:subClassOf>
  </owl:Class>
  <owl:Class rdf:about="#Parent">
    <rdfs:subClassOf rdf:resource="#Person"/>
  </owl:Class>
  <owl:Class rdf:ID="Grandmother">
    <rdfs:subClassOf>
      <owl:Class rdf:ID="Grandparents"/>
    </rdfs:subClassOf>
    <owl:equivalentClass>
      <owl:Restriction>
        <owl:onProperty>
          <owl:ObjectProperty rdf:ID="isMotherOf"/>
        </owl:onProperty>
        <owl:someValuesFrom rdf:resource="#Parent"/>
      </owl:Restriction>
    </owl:equivalentClass>
    <rdfs:subClassOf>
      <owl:Class rdf:ID="Female"/>
    </rdfs:subClassOf>
    <owl:disjointWith>
      <owl:Class rdf:ID="Grandfather"/>
    </owl:disjointWith>
  </owl:Class>
  <owl:Class rdf:about="#Male">
    <owl:disjointWith>
      <owl:Class rdf:about="#Female"/>
    </owl:disjointWith>
    <rdfs:subClassOf rdf:resource="#Person"/>
  </owl:Class>
  <owl:Class rdf:about="#Female">
    <rdfs:subClassOf rdf:resource="#Person"/>
    <owl:disjointWith rdf:resource="#Male"/>
  </owl:Class>
  <owl:Class rdf:ID="Father">
    <rdfs:subClassOf rdf:resource="#Male"/>
    <owl:disjointWith>
      <owl:Class rdf:ID="Mother"/>
    </owl:disjointWith>
    <owl:equivalentClass>
      <owl:Restriction>
        <owl:onProperty>
          <owl:ObjectProperty rdf:ID="isFatherOf"/>
        </owl:onProperty>
        <owl:minCardinality rdf:datatype="http://www.w3.org/2001/XMLSchema#int"
        >1</owl:minCardinality>
      </owl:Restriction>
    </owl:equivalentClass>
    <rdfs:subClassOf rdf:resource="#Parent"/>
  </owl:Class>
  <owl:Class rdf:about="#Child">
    <rdfs:subClassOf rdf:resource="#Person"/>
  </owl:Class>
  <owl:Class rdf:ID="Sibling">
    <rdfs:subClassOf rdf:resource="#Person"/>
  </owl:Class>
  <owl:Class rdf:about="#Daughter">
    <owl:equivalentClass>
      <owl:Restriction>
        <owl:onProperty>
          <owl:ObjectProperty rdf:ID="isDaughterOf"/>
        </owl:onProperty>
        <owl:minCardinality rdf:datatype="http://www.w3.org/2001/XMLSchema#int"
        >1</owl:minCardinality>
      </owl:Restriction>
    </owl:equivalentClass>
    <owl:disjointWith rdf:resource="#Son"/>
    <rdfs:subClassOf rdf:resource="#Child"/>
  </owl:Class>
  <owl:Class rdf:about="#Mother">
    <rdfs:subClassOf rdf:resource="#Female"/>
    <rdfs:subClassOf rdf:resource="#Parent"/>
    <owl:disjointWith rdf:resource="#Father"/>
    <owl:equivalentClass>
      <owl:Restriction>
        <owl:onProperty>
          <owl:ObjectProperty rdf:about="#isMotherOf"/>
        </owl:onProperty>
        <owl:minCardinality rdf:datatype="http://www.w3.org/2001/XMLSchema#int"
        >1</owl:minCardinality>
      </owl:Restriction>
    </owl:equivalentClass>
  </owl:Class>
  <owl:Class rdf:about="#Grandparents">
    <rdfs:subClassOf rdf:resource="#Person"/>
  </owl:Class>
  <owl:Class rdf:about="#Grandfather">
    <owl:equivalentClass>
      <owl:Restriction>
        <owl:someValuesFrom rdf:resource="#Parent"/>
        <owl:onProperty>
          <owl:ObjectProperty rdf:about="#isFatherOf"/>
        </owl:onProperty>
      </owl:Restriction>
    </owl:equivalentClass>
    <rdfs:subClassOf rdf:resource="#Male"/>
    <owl:disjointWith rdf:resource="#Grandmother"/>
    <rdfs:subClassOf rdf:resource="#Grandparents"/>
  </owl:Class>
  <owl:Class rdf:ID="Brother">
    <rdfs:subClassOf rdf:resource="#Male"/>
    <rdfs:subClassOf rdf:resource="#Sibling"/>
    <owl:equivalentClass>
      <owl:Restriction>
        <owl:onProperty>
          <owl:ObjectProperty rdf:about="#isBrotherOf"/>
        </owl:onProperty>
        <owl:minCardinality rdf:datatype="http://www.w3.org/2001/XMLSchema#int"
        >1</owl:minCardinality>
      </owl:Restriction>
    </owl:equivalentClass>
  </owl:Class>
  <owl:Class rdf:ID="Sister">
    <rdfs:subClassOf rdf:resource="#Sibling"/>
    <rdfs:subClassOf>
      <owl:Restriction>
        <owl:minCardinality rdf:datatype="http://www.w3.org/2001/XMLSchema#int"
        >1</owl:minCardinality>
        <owl:onProperty>
          <owl:ObjectProperty rdf:ID="isSisterOf"/>
        </owl:onProperty>
      </owl:Restriction>
    </rdfs:subClassOf>
    <owl:equivalentClass>
      <owl:Restriction>
        <owl:onProperty>
          <owl:ObjectProperty rdf:about="#isSisterOf"/>
        </owl:onProperty>
        <owl:minCardinality rdf:datatype="http://www.w3.org/2001/XMLSchema#int"
        >1</owl:minCardinality>
      </owl:Restriction>
    </owl:equivalentClass>
    <rdfs:subClassOf rdf:resource="#Female"/>
  </owl:Class>
  <owl:ObjectProperty rdf:about="#isBrotherOf">
    <rdfs:subPropertyOf>
      <owl:ObjectProperty rdf:ID="isSiblingOf"/>
    </rdfs:subPropertyOf>
    <rdfs:domain rdf:resource="#Male"/>
  </owl:ObjectProperty>
  <owl:ObjectProperty rdf:ID="isChildOf">
    <owl:inverseOf>
      <owl:ObjectProperty rdf:ID="isParentOf"/>
    </owl:inverseOf>
    <rdfs:domain rdf:resource="#Person"/>
    <rdfs:range rdf:resource="#Person"/>
  </owl:ObjectProperty>
  <owl:ObjectProperty rdf:about="#isFatherOf">
    <rdfs:subPropertyOf>
      <owl:ObjectProperty rdf:about="#isParentOf"/>
    </rdfs:subPropertyOf>
    <rdfs:domain rdf:resource="#Male"/>
  </owl:ObjectProperty>
  <owl:ObjectProperty rdf:about="#isMotherOf">
    <rdfs:domain rdf:resource="#Female"/>
    <rdfs:subPropertyOf>
      <owl:ObjectProperty rdf:about="#isParentOf"/>
    </rdfs:subPropertyOf>
  </owl:ObjectProperty>
  <owl:ObjectProperty rdf:about="#isSisterOf">
    <rdfs:subPropertyOf>
      <owl:ObjectProperty rdf:about="#isSiblingOf"/>
    </rdfs:subPropertyOf>
    <rdfs:domain rdf:resource="#Female"/>
  </owl:ObjectProperty>
  <owl:ObjectProperty rdf:about="#isDaughterOf">
    <rdfs:domain rdf:resource="#Female"/>
    <rdfs:subPropertyOf rdf:resource="#isChildOf"/>
  </owl:ObjectProperty>
  <owl:ObjectProperty rdf:about="#isSiblingOf">
    <rdfs:domain rdf:resource="#Person"/>
    <owl:inverseOf rdf:resource="#isSiblingOf"/>
    <rdf:type rdf:resource="http://www.w3.org/2002/07/owl#SymmetricProperty"/>
    <rdfs:range rdf:resource="#Person"/>
    <rdf:type rdf:resource="http://www.w3.org/2002/07/owl#TransitiveProperty"/>
  </owl:ObjectProperty>
  <owl:ObjectProperty rdf:about="#isParentOf">
    <rdfs:domain rdf:resource="#Person"/>
    <rdfs:range rdf:resource="#Person"/>
    <owl:inverseOf rdf:resource="#isChildOf"/>
  </owl:ObjectProperty>
  <owl:ObjectProperty rdf:about="#isSonOf">
    <rdfs:subPropertyOf rdf:resource="#isChildOf"/>
    <rdfs:domain rdf:resource="#Male"/>
  </owl:ObjectProperty>
  <owl:DatatypeProperty rdf:ID="age">
    <rdfs:domain rdf:resource="#Person"/>
    <rdf:type rdf:resource="http://www.w3.org/2002/07/owl#FunctionalProperty"/>
    <rdfs:range rdf:resource="http://www.w3.org/2001/XMLSchema#int"/>
  </owl:DatatypeProperty>
  <owl:SymmetricProperty rdf:ID="isMarriedWith">
    <owl:inverseOf rdf:resource="#isMarriedWith"/>
    <rdfs:domain rdf:resource="#Person"/>
    <rdf:type rdf:resource="http://www.w3.org/2002/07/owl#ObjectProperty"/>
    <j.0:allowedParent rdf:resource="#Person"/>
    <rdfs:range rdf:resource="#Person"/>
  </owl:SymmetricProperty>
  <owl:FunctionalProperty rdf:ID="nationality">
    <rdfs:range rdf:resource="http://www.w3.org/2001/XMLSchema#string"/>
    <rdf:type rdf:resource="http://www.w3.org/2002/07/owl#DatatypeProperty"/>
    <rdfs:domain rdf:resource="#Person"/>
  </owl:FunctionalProperty>
  <owl:FunctionalProperty rdf:ID="name">
    <rdfs:range rdf:resource="http://www.w3.org/2001/XMLSchema#string"/>
    <rdfs:domain rdf:resource="#Person"/>
    <rdf:type rdf:resource="http://www.w3.org/2002/07/owl#DatatypeProperty"/>
  </owl:FunctionalProperty>
  <Male rdf:ID="Tom">
    <age rdf:datatype="http://www.w3.org/2001/XMLSchema#int">10</age>
    <isSonOf>
      <Male rdf:ID="Thomas">
        <age rdf:datatype="http://www.w3.org/2001/XMLSchema#int"
        >40</age>
        <nationality rdf:datatype="http://www.w3.org/2001/XMLSchema#string"
        >French</nationality>
        <name rdf:datatype="http://www.w3.org/2001/XMLSchema#string"
        >Thomas</name>
        <isMarriedWith>
          <Female rdf:ID="Alex">
            <isMarriedWith rdf:resource="#Thomas"/>
            <age rdf:datatype="http://www.w3.org/2001/XMLSchema#int"
            >25</age>
            <name rdf:datatype="http://www.w3.org/2001/XMLSchema#string"
            >Alex</name>
          </Female>
        </isMarriedWith>
        <isFatherOf>
          <Male rdf:ID="Michael">
            <isSonOf rdf:resource="#Thomas"/>
            <isSonOf rdf:resource="#Alex"/>
            <age rdf:datatype="http://www.w3.org/2001/XMLSchema#int"
            >5</age>
            <name rdf:datatype="http://www.w3.org/2001/XMLSchema#string"
            >Michael</name>
          </Male>
        </isFatherOf>
        <isSonOf>
          <Male rdf:ID="Peter">
            <name rdf:datatype="http://www.w3.org/2001/XMLSchema#string"
            >Peter</name>
            <age rdf:datatype="http://www.w3.org/2001/XMLSchema#int"
            >70</age>
            <isFatherOf rdf:resource="#Thomas"/>
            <isMarriedWith>
              <Female rdf:ID="Marie">
                <age rdf:datatype="http://www.w3.org/2001/XMLSchema#int"
                >69</age>
                <name rdf:datatype="http://www.w3.org/2001/XMLSchema#string"
                >Marie</name>
                <isMotherOf>
                  <Female rdf:ID="Sylvie">
                    <isDaughterOf rdf:resource="#Peter"/>
                    <isDaughterOf rdf:resource="#Marie"/>
                    <age rdf:datatype="http://www.w3.org/2001/XMLSchema#int"
                    >30</age>
                    <name rdf:datatype="http://www.w3.org/2001/XMLSchema#string"
                    >Sylvie</name>
                    <isMarriedWith>
                      <Male rdf:ID="John">
                        <name rdf:datatype="http://www.w3.org/2001/XMLSchema#string"
                        >John</name>
                        <isMarriedWith rdf:resource="#Sylvie"/>
                        <nationality rdf:datatype="http://www.w3.org/2001/XMLSchema#string"
                        >Italian</nationality>
                        <age rdf:datatype="http://www.w3.org/2001/XMLSchema#int"
                        >45</age>
                      </Male>
                    </isMarriedWith>
                  </Female>
                </isMotherOf>
                <nationality rdf:datatype="http://www.w3.org/2001/XMLSchema#string"
                >French</nationality>
                <isMarriedWith rdf:resource="#Peter"/>
              </Female>
            </isMarriedWith>
            <nationality rdf:datatype="http://www.w3.org/2001/XMLSchema#string"
            >French</nationality>
          </Male>
        </isSonOf>
      </Male>
    </isSonOf>
    <name rdf:datatype="http://www.w3.org/2001/XMLSchema#string"
    >Tom</name>
    <isSonOf rdf:resource="#Alex"/>
  </Male>
  <Male rdf:ID="Pedro">
    <name rdf:datatype="http://www.w3.org/2001/XMLSchema#string"
    >Pedro</name>
    <age rdf:datatype="http://www.w3.org/2001/XMLSchema#int">10</age>
    <isSonOf rdf:resource="#John"/>
  </Male>
  <Female rdf:ID="Claude">
    <name rdf:datatype="http://www.w3.org/2001/XMLSchema#string"
    >Claude</name>
    <age rdf:datatype="http://www.w3.org/2001/XMLSchema#int">5</age>
    <nationality rdf:datatype="http://www.w3.org/2001/XMLSchema#string"
    >French</nationality>
    <isDaughterOf rdf:resource="#Sylvie"/>
  </Female>
  <Female rdf:ID="Chloé">
    <name rdf:datatype="http://www.w3.org/2001/XMLSchema#string"
    >Chloé</name>
    <isDaughterOf rdf:resource="#Peter"/>
    <isDaughterOf rdf:resource="#Marie"/>
    <age rdf:datatype="http://www.w3.org/2001/XMLSchema#int">18</age>
  </Female>
  <Male rdf:ID="Paul">
    <age rdf:datatype="http://www.w3.org/2001/XMLSchema#int">38</age>
    <name rdf:datatype="http://www.w3.org/2001/XMLSchema#string"
    >Paul</name>
    <isSonOf rdf:resource="#Peter"/>
  </Male>
</rdf:RDF>

<!-- Created with Protege (with OWL Plugin 1.3, Build 225.4)  http://protege.stanford.edu -->
